﻿NM_MUNICIPIO;NM_SEGMENTO_MUNICIPIO;COD_IBGE;SET_23;OUT_23;NOV_23
Almirante Tamandaré;Mercado Tradicional;4100400;1038;1025;1027
Alumínio;Mercado Tradicional - GPON;3501152;1328;1360;1385
Alvorada;Mercado Tradicional;4300604;382;387;392
Americana;Mercado Tradicional;3501608;41606;40949;41269
Amparo;Mercado em Desenvolvimento - GPON;3501905;3725;3730;3738
Américo Brasiliense;Mercado Tradicional - GPON;3501707;0;0;0
Ananindeua;Mercado Tradicional;1500800;13120;13121;13146
Andradina;Mercado em Desenvolvimento - GPON;3502101;1464;1479;1506
Anápolis;Mercado em Desenvolvimento;5201108;19450;18117;19764
Aparecida;Mercado em Desenvolvimento;3502507;4173;4002;3976
Aparecida de Goiânia;Mercado Tradicional;5201405;1626;1098;1643
Apucarana;Mercado Tradicional - GPON;4101408;4891;4887;4880
Aquiraz;Mercado Tradicional - GPON;2301000;1136;1145;1123
Aracaju;Mercado Tradicional;2800308;46723;49175;45740
Aracruz;Mercado em Desenvolvimento - GPON;3200607;315;368;344
Araguari;Mercado em Desenvolvimento - GPON;3103504;6584;6568;6563
Araguaína;Mercado em Desenvolvimento - GPON;1702109;3306;3407;3427
Arapiraca;Mercado em Desenvolvimento - GPON;2700300;0;0;1
Arapongas;Mercado Tradicional;4101507;8274;8203;8151
Araranguá;Mercado em Desenvolvimento - GPON;4201406;397;379;379
Araraquara;Mercado Tradicional;3503208;29846;29247;29227
Araras;Mercado Tradicional;3503307;13176;13106;13049
Araucária;Mercado Tradicional;4101804;5204;5173;5131
Araxá;Mercado em Desenvolvimento - GPON;3104007;1450;1512;1554
Araçatuba;Mercado em Desenvolvimento;3502804;26558;26611;26627
Ariquemes;Mercado em Desenvolvimento - GPON;1100023;4769;4863;4960
Armação dos Búzios;Mercado em Desenvolvimento - GPON;3300233;3564;3584;3626
Arroio do Meio;Mercado em Desenvolvimento - GPON;4301008;37;26;26
Artur Nogueira;Mercado Tradicional;3503802;638;634;627
Arujá;Mercado Tradicional - GPON;3503901;14207;14119;14113
Atibaia;Mercado Tradicional;3504107;12896;12854;12777
Avaré;Mercado em Desenvolvimento - GPON;3504503;1622;1654;1674
Bagé;Mercado em Desenvolvimento;4301602;11747;12371;11685
Balneário Camboriú;Mercado em Desenvolvimento;4202008;30417;30512;30644
Barbacena;Mercado em Desenvolvimento - GPON;3105608;2071;2083;2168
Barra Mansa;Mercado em Desenvolvimento;3300407;3329;3354;3385
Barreiras;Mercado em Desenvolvimento - GPON;2903201;1804;1794;1791
Barretos;Mercado em Desenvolvimento - GPON;3505500;2593;2686;2669
Barrinha;Mercado em Desenvolvimento - GPON;3505609;2893;2900;2874
Barueri;Mercado Tradicional;3505708;60682;61010;60930
Batatais;Mercado em Desenvolvimento - GPON;3505906;1217;1260;1312
Bauru;Mercado Tradicional;3506003;46465;46136;47227
Bebedouro;Mercado em Desenvolvimento - GPON;3506102;1581;1620;1684
Belford Roxo;Mercado Tradicional;3300456;25834;25705;25785
Brusque;Mercado em Desenvolvimento;4202909;3944;3923;3931
Cabedelo;Mercado Tradicional;2503209;2432;2429;2434
Cabo Frio;Mercado em Desenvolvimento - GPON;3300704;6496;6451;6486
Cabreúva;Mercado Tradicional - GPON;3508405;910;903;891
Cachoeira Paulista;Mercado em Desenvolvimento;3508603;2978;2982;2971
Cachoeira do Sul;Mercado em Desenvolvimento - GPON;4303004;1203;1200;1351
Cachoeirinha;Mercado Tradicional;4303103;3157;2971;3353
Cachoeiro de Itapemirim;Mercado em Desenvolvimento;3201209;1233;1239;1250
Cacoal;Mercado em Desenvolvimento - GPON;1100049;605;636;619
Caieiras;Mercado Tradicional - GPON;3509007;6345;6389;6409
Cajamar;Mercado Tradicional - GPON;3509205;843;880;933
Caldas Novas;Mercado em Desenvolvimento - GPON;5204508;3523;3488;3531
Camaçari;Mercado Tradicional - GPON;2905701;14192;14347;14575
Camboriú;Mercado em Desenvolvimento - GPON;4203204;2576;2627;2762
Cambé;Mercado Tradicional - GPON;4103701;12056;12066;12071
Campina Grande;Mercado em Desenvolvimento;2504009;9163;9275;9402
Campinas;Mercado Tradicional;3509502;182780;185041;182145
Campo Bom;Mercado em Desenvolvimento;4303905;1542;904;913
Campo Grande;Mercado Tradicional;5002704;76342;76272;75228
Campo Largo;Mercado Tradicional;4104204;1444;1437;1421
Campo Limpo Paulista;Mercado Tradicional - GPON;3509601;2550;2586;2671
Campos do Jordão;Mercado em Desenvolvimento - GPON;3509700;702;718;742
Campos dos Goytacazes;Mercado em Desenvolvimento;3301009;12255;12349;12196
Canela;Mercado em Desenvolvimento - GPON;4304408;1759;1781;1782
Canoas;Mercado Tradicional;4304606;24214;25267;25409
Capivari;Mercado Tradicional;3510401;3358;3346;3338
Capão da Canoa;Mercado em Desenvolvimento;4304630;17936;18390;17995
Caraguatatuba;Mercado Tradicional - GPON;3510500;21400;22413;22857
Carapicuíba;Mercado Tradicional;3510609;17738;17693;17624
Carazinho;Mercado em Desenvolvimento - GPON;4304705;2776;2811;2817
Cariacica;Mercado Tradicional;3201308;8676;8724;8734
Carlos Barbosa;Mercado em Desenvolvimento - GPON;4304804;1221;1239;1263
Caruaru;Mercado em Desenvolvimento;2604106;5069;5128;5200
Cascavel;Mercado em Desenvolvimento;4104808;16274;16206;16081
Castanhal;Mercado em Desenvolvimento - GPON;1502400;5313;5232;5305
Cataguases;Mercado em Desenvolvimento - GPON;3115300;125;0;0
Catanduva;Mercado em Desenvolvimento - GPON;3511102;6512;6611;6684
Caxias do Sul;Mercado Tradicional;4305108;53194;55480;53500
Caçador;Mercado em Desenvolvimento - GPON;4203006;1652;1656;1704
Caçapava;Mercado Tradicional;3508504;8269;8220;8199
Cerquilho;Mercado em Desenvolvimento - GPON;3511508;2273;2299;2313
Chapecó;Mercado em Desenvolvimento;4204202;6847;6799;6441
Charqueadas;Mercado em Desenvolvimento - GPON;4305355;106;106;142
Cianorte;Mercado em Desenvolvimento;4105508;3691;3677;3681
Colatina;Mercado em Desenvolvimento - GPON;3201506;3777;3799;3850
Colombo;Mercado Tradicional;4105805;6137;6126;6140
Concórdia;Mercado em Desenvolvimento - GPON;4204301;912;929;1002
Conselheiro Lafaiete;Mercado em Desenvolvimento - GPON;3118304;3627;3833;4014
Contagem;Mercado Tradicional;3118601;27570;26819;27043
Coronel Fabriciano;Mercado em Desenvolvimento - GPON;3119401;2466;2480;2490
Cosmópolis;Mercado Tradicional;3512803;180;182;183
Cotia;Mercado Tradicional;3513009;15457;15540;15484
Cravinhos;Mercado em Desenvolvimento - GPON;3513108;1228;1221;1357
Criciúma;Mercado em Desenvolvimento;4204608;15414;17040;15367
Cruz Alta;Mercado em Desenvolvimento;4306106;6189;6507;6273
Cruzeiro;Mercado em Desenvolvimento;3513405;2214;2214;2209
Cubatão;Mercado Tradicional;3513504;6717;6702;6684
Cuiabá;Mercado Tradicional;5103403;69117;68962;68825
Curitiba;Mercado Tradicional;4106902;232205;229166;230359
Descalvado;Mercado em Desenvolvimento - GPON;3513702;647;687;651
Diadema;Mercado Tradicional;3513801;41275;41044;40957
Divinópolis;Mercado em Desenvolvimento - GPON;3122306;3514;3532;3547
Dois Irmãos;Mercado em Desenvolvimento - GPON;4306403;82;68;41
Erechim;Mercado em Desenvolvimento;4307005;22500;21420;22846
Espírito Santo do Pinhal;Mercado em Desenvolvimento - GPON;3515186;4138;4152;4132
Esteio;Mercado Tradicional;4307708;15440;15454;15404
Estrela;Mercado em Desenvolvimento - GPON;4307807;640;762;686
Estância Velha;Mercado em Desenvolvimento;4307609;3580;3736;3566
Eunápolis;Mercado em Desenvolvimento - GPON;2910727;3238;3400;3442
Eusébio;Mercado Tradicional - GPON;2304285;1856;1896;1906
Farroupilha;Mercado Tradicional;4307906;14300;14728;13436
Feira de Santana;Mercado em Desenvolvimento - GPON;2910800;17154;17582;17840
Fernandópolis;Mercado em Desenvolvimento - GPON;3515509;3120;3480;3682
Florianópolis;Mercado Tradicional;4205407;269942;269758;268470
Formosa;Mercado em Desenvolvimento - GPON;5208004;0;0;2
Fortaleza;Mercado Tradicional;2304400;146432;147010;147582
Fraiburgo;Mercado em Desenvolvimento - GPON;4205506;1834;1846;1846
Franca;Mercado Tradicional;3516200;61130;63644;63538
Frederico Westphalen;Mercado em Desenvolvimento - GPON;4308508;2;2;2
Garibaldi;Mercado em Desenvolvimento - GPON;4308607;926;914;832
Gaspar;Mercado em Desenvolvimento - GPON;4205902;2430;2496;2642
Goiânia;Mercado Tradicional;5208707;245968;246300;247132
Governador Valadares;Mercado em Desenvolvimento;3127701;13608;13670;13764
Gramado;Mercado em Desenvolvimento - GPON;4309100;5822;5808;5844
Gravataí;Mercado Tradicional;4309209;6690;3666;5176
Guaramirim;Mercado Tradicional - GPON;4206504;1610;1618;1754
Guarapuava;Mercado em Desenvolvimento;4109401;22788;22650;22562
Guaratinguetá;Mercado em Desenvolvimento;3518404;21376;21472;21544
Guaratuba;Mercado em Desenvolvimento - GPON;4109609;286;0;0
Guarujá;Mercado Tradicional;3518701;86730;87092;87396
Guarulhos;Mercado Tradicional;3518800;354026;352988;352290
Guaíba;Mercado em Desenvolvimento - GPON;4309308;9818;10140;10088
Guaíra;Mercado em Desenvolvimento - GPON;3517406;2940;2954;3346
Gurupi;Mercado em Desenvolvimento - GPON;1709500;4720;4950;5140
Herval d'Oeste;Mercado em Desenvolvimento - GPON;4206702;1174;1186;1182
Hortolândia;Mercado Tradicional;3519071;14238;16044;14264
Ibiporã;Mercado Tradicional - GPON;4109807;0;0;0
Ibiúna;Mercado em Desenvolvimento - GPON;3519709;1194;1190;1210
Igrejinha;Mercado em Desenvolvimento - GPON;4310108;1680;1684;1732
Ijuí;Mercado em Desenvolvimento - GPON;4310207;2;0;1538
Ilhéus;Mercado em Desenvolvimento - GPON;2913606;11086;11214;11914
Imbé;Mercado em Desenvolvimento - GPON;4310330;1812;1782;1836
Imperatriz;Mercado em Desenvolvimento - GPON;2105302;12814;12734;12746
Indaial;Mercado em Desenvolvimento - GPON;4207502;4038;4086;4104
Indaiatuba;Mercado Tradicional;3520509;57744;57588;56290
Ipatinga;Mercado em Desenvolvimento;3131307;11562;11594;11604
Iperó;Mercado em Desenvolvimento - GPON;3521002;0;0;1824
Itabira;Mercado em Desenvolvimento - GPON;3131703;22756;22846;22916
Itabuna;Mercado em Desenvolvimento - GPON;2914802;12206;12438;12804
Itaguaí;Mercado Tradicional - GPON;3302007;3062;2868;2884
Itajaí;Mercado em Desenvolvimento;4208203;50016;49936;50058
Itajubá;Mercado em Desenvolvimento - GPON;3132404;5510;5626;5736
Itanhaém;Mercado Tradicional - GPON;3522109;24686;24834;25118
Itapecerica da Serra;Mercado Tradicional;3522208;9464;10132;10554
Itapema;Mercado em Desenvolvimento;4208302;4270;4242;4260
Itapetininga;Mercado em Desenvolvimento;3522307;26270;26132;26076
Itapeva;Mercado em Desenvolvimento - GPON;3522406;1296;1290;1310
Itapevi;Mercado Tradicional;3522505;7798;7800;7758
Itapira;Mercado em Desenvolvimento - GPON;3522604;5828;5838;5864
Itaquaquecetuba;Mercado Tradicional - GPON;3523107;4322;4598;4750
Itaqui;Mercado em Desenvolvimento - GPON;4310603;12;16;28
Itatiba;Mercado Tradicional - GPON;3523404;18344;18310;18720
Itaúna;Mercado em Desenvolvimento - GPON;3133808;1298;1302;1312
Itu;Mercado Tradicional;3523909;50408;50254;50112
Ituiutaba;Mercado em Desenvolvimento - GPON;3134202;2300;2320;2374
Itumbiara;Mercado em Desenvolvimento - GPON;5211503;2744;2842;2862
Itupeva;Mercado Tradicional - GPON;3524006;11134;11096;11682
Ituverava;Mercado em Desenvolvimento - GPON;3524105;2132;2130;2202
Dourados;Mercado em Desenvolvimento;5003702;7229;7260;7310
Dracena;Mercado em Desenvolvimento - GPON;3514403;1959;1962;1916
Duque de Caxias;Mercado Tradicional;3301702;10527;10624;10734
Eldorado do Sul;Mercado em Desenvolvimento - GPON;4306767;127;107;180
Elias Fausto;Mercado Tradicional;3514908;1134;1139;1152
Embu das Artes;Mercado Tradicional;3515004;13365;13373;13341
Encantado;Mercado em Desenvolvimento - GPON;4306809;19;12;37
Ivoti;Mercado em Desenvolvimento - GPON;4310801;348;353;361
Içara;Mercado em Desenvolvimento - GPON;4207007;236;231;263
Jaboatão dos Guararapes;Mercado Tradicional;2607901;14278;14154;14130
Jaboticabal;Mercado em Desenvolvimento - GPON;3524303;730;753;782
Jacareí;Mercado Tradicional;3524402;15744;16446;15952
Jaguariúna;Mercado Tradicional - GPON;3524709;5394;5425;5479
Jales;Mercado em Desenvolvimento - GPON;3524808;783;863;883
Jandira;Mercado Tradicional;3525003;5805;5815;5818
Jaraguá do Sul;Mercado Tradicional - GPON;4208906;15694;15660;15732
Jardinópolis;Mercado em Desenvolvimento - GPON;3525102;692;690;717
Maceió;Mercado Tradicional;2704302;72650;72393;72576
Mafra;Mercado em Desenvolvimento - GPON;4210100;1110;1120;1136
Mairinque;Mercado Tradicional - GPON;3528403;637;648;738
Manaus;Mercado Tradicional;1302603;168068;168128;167420
Manhuaçu;Mercado em Desenvolvimento - GPON;3139409;1057;1074;1099
Marabá;Mercado em Desenvolvimento - GPON;1504208;2642;2678;2545
Marau;Mercado em Desenvolvimento - GPON;4311809;1438;1468;1516
Maringá;Mercado Tradicional;4115200;33358;33258;33192
Marília;Mercado em Desenvolvimento;3529005;25417;25816;26420
Mata de São João;Mercado Tradicional - GPON;2921005;250;261;0
Matão;Mercado em Desenvolvimento - GPON;3529302;643;657;670
Mauá;Mercado Tradicional;3529401;31497;31225;31099
Medianeira;Mercado em Desenvolvimento - GPON;4115804;0;0;0
Mesquita;Mercado Tradicional;3302858;11671;11366;11686
Miguel Pereira;Mercado em Desenvolvimento - GPON;3302908;255;264;285
Mirandópolis;Mercado em Desenvolvimento - GPON;3530102;0;0;0
Mirassol;Mercado Tradicional - GPON;3530300;5890;6005;6074
Mococa;Mercado em Desenvolvimento - GPON;3530508;1928;2090;2198
Mogi Guaçu;Mercado Tradicional;3530706;17992;18017;17887
Mogi Mirim;Mercado Tradicional;3530805;11499;11975;11951
Mogi das Cruzes;Mercado Tradicional;3530607;78346;78138;78000
Mongaguá;Mercado Tradicional - GPON;3531100;13814;13869;14104
Monte Alto;Mercado em Desenvolvimento - GPON;3531308;361;361;370
Monte Mor;Mercado Tradicional;3531803;2365;2371;2390
Montenegro;Mercado em Desenvolvimento - GPON;4312401;4828;4862;5008
Montes Claros;Mercado em Desenvolvimento - GPON;3143302;4994;4999;4989
Morungaba;Mercado Tradicional - GPON;3532009;0;0;0
Mossoró;Mercado em Desenvolvimento - GPON;2408003;3089;3051;3071
Natal;Mercado Tradicional;2408102;50028;50518;50797
Navegantes;Mercado em Desenvolvimento;4211306;984;996;1009
Nilópolis;Mercado Tradicional;3303203;2822;3038;2719
Niterói;Mercado Tradicional;3303302;67124;66553;66848
Nova Friburgo;Mercado em Desenvolvimento - GPON;3303401;8084;8088;8180
Nova Iguaçu;Mercado Tradicional;3303500;25423;25643;26076
Nova Lima;Mercado Tradicional;3144805;4532;3988;3342
Nova Odessa;Mercado Tradicional;3533403;2728;2728;2732
Nova Petrópolis;Mercado em Desenvolvimento - GPON;4313201;62;85;81
Jarinu;Mercado Tradicional - GPON;3525201;2197;2163;2178
Jataí;Mercado em Desenvolvimento - GPON;5211909;73;80;88
Jaú;Mercado Tradicional;3525300;15427;15423;15452
Jequié;Mercado em Desenvolvimento - GPON;2918001;1749;1778;1754
Ji-Paraná;Mercado em Desenvolvimento - GPON;1100122;1936;1972;2015
Joaçaba;Mercado em Desenvolvimento - GPON;4209003;930;950;967
Joinville;Mercado Tradicional;4209102;69986;75459;68964
José Bonifácio;Mercado em Desenvolvimento - GPON;3525706;370;0;0
João Monlevade;Mercado em Desenvolvimento - GPON;3136207;0;0;0
João Pessoa;Mercado Tradicional;2507507;62430;62520;62423
Juazeiro;Mercado em Desenvolvimento - GPON;2918407;1700;1777;1845
Juazeiro do Norte;Mercado em Desenvolvimento - GPON;2307304;2456;2523;2582
Juiz de Fora;Mercado em Desenvolvimento;3136702;20210;20157;20173
Jundiaí;Mercado Tradicional;3525904;51029;49690;50990
Lages;Mercado em Desenvolvimento - GPON;4209300;5960;6010;6292
Lagoa Santa;Mercado Tradicional - GPON;3137601;2348;2356;2413
Lajeado;Mercado em Desenvolvimento;4311403;4398;6097;6093
Laranjal Paulista;Mercado em Desenvolvimento - GPON;3526407;0;0;0
Lauro de Freitas;Mercado Tradicional;2919207;8927;7968;8981
Lavras;Mercado em Desenvolvimento - GPON;3138203;1975;2044;2097
Leme;Mercado em Desenvolvimento - GPON;3526704;980;964;957
Lençóis Paulista;Mercado em Desenvolvimento - GPON;3526803;817;815;811
Limeira;Mercado Tradicional;3526902;15981;15943;15903
Lins;Mercado em Desenvolvimento - GPON;3527108;555;542;493
Londrina;Mercado Tradicional;4113700;64039;63872;63635
Lorena;Mercado em Desenvolvimento;3527207;6862;6824;6836
Louveira;Mercado em Desenvolvimento - GPON;3527306;1374;1500;1513
Lucas do Rio Verde;Mercado em Desenvolvimento - GPON;5105259;3701;3690;3710
Macapá;Mercado Tradicional - GPON;1600303;6324;6408;6525
Macaé;Mercado em Desenvolvimento;3302403;13299;13332;13264
Novo Hamburgo;Mercado Tradicional;4313409;18719;21692;20810
Olinda;Mercado Tradicional;2609600;6156;6147;6170
Orlândia;Mercado em Desenvolvimento - GPON;3534302;2933;2960;3017
Osasco;Mercado Tradicional;3534401;115403;115441;115672
Osório;Mercado em Desenvolvimento - GPON;4313508;1053;1015;985
Ourinhos;Mercado em Desenvolvimento - GPON;3534708;1290;1322;1339
Palhoça;Mercado Tradicional;4211900;17835;17815;17808
Palmas;Mercado Tradicional;1721000;14511;14516;14594
Panambi;Mercado em Desenvolvimento - GPON;4313904;1101;1084;1098
Paragominas;Mercado em Desenvolvimento - GPON;1505502;1333;1313;1334
Paranaguá;Mercado em Desenvolvimento - GPON;4118204;17501;17366;17602
Parauapebas;Mercado em Desenvolvimento - GPON;1505536;0;0;0
Paraíba do Sul;Mercado em Desenvolvimento - GPON;3303708;136;147;155
Parnamirim;Mercado Tradicional;2403251;8657;8622;9165
Parnaíba;Mercado em Desenvolvimento - GPON;2207702;3744;3772;3808
Parobé;Mercado em Desenvolvimento - GPON;4314050;1238;1251;1269
Pará de Minas;Mercado em Desenvolvimento - GPON;3147105;528;518;514
Passo Fundo;Mercado em Desenvolvimento;4314100;18392;19676;18569
Patos de Minas;Mercado em Desenvolvimento - GPON;3148004;1051;1087;1118
Paulista;Mercado Tradicional;2610707;2618;2638;3343
Paulínia;Mercado Tradicional;3536505;9219;9235;9234
Pedreira;Mercado em Desenvolvimento - GPON;3537107;2039;2027;2026
Pedro Leopoldo;Mercado em Desenvolvimento - GPON;3149309;95;0;0
Pelotas;Mercado Tradicional;4314407;32962;33090;32979
Penápolis;Mercado em Desenvolvimento - GPON;3537305;1863;1808;1938
Peruíbe;Mercado Tradicional - GPON;3537602;13193;13210;13247
Petrolina;Mercado em Desenvolvimento - GPON;2611101;3522;3559;3711
Petrópolis;Mercado em Desenvolvimento;3303906;7717;7699;7739
Pindamonhangaba;Mercado em Desenvolvimento;3538006;21343;20951;21362
Pinhais;Mercado Tradicional;4119152;10399;10396;10381
Piracaia;Mercado Tradicional - GPON;3538600;6;7;10
Rio de Janeiro;Mercado Tradicional;3304557;976274;977811;976022
Rio do Sul;Mercado em Desenvolvimento - GPON;4214805;2011;2017;2017
Rolândia;Mercado Tradicional - GPON;4122404;14856;14830;14830
Pirassununga;Mercado em Desenvolvimento - GPON;3539301;2445;2395;2448
Ponta Grossa;Mercado em Desenvolvimento;4119905;19028;19000;19026
Ponta Porã;Mercado em Desenvolvimento - GPON;5006606;669;649;645
Porto Alegre;Mercado Tradicional;4314902;281810;283154;281973
Porto Feliz;Mercado Tradicional;3540606;4673;4640;4610
Porto Ferreira;Mercado em Desenvolvimento - GPON;3540705;859;861;858
Porto Seguro;Mercado em Desenvolvimento - GPON;2925303;1389;1397;1424
Porto Velho;Mercado Tradicional;1100205;16825;16820;16804
Potim;Mercado em Desenvolvimento;3540754;971;970;965
Pouso Alegre;Mercado em Desenvolvimento - GPON;3152501;7829;7847;7942
Poá;Mercado Tradicional;3539806;4662;4688;4739
Poços de Caldas;Mercado em Desenvolvimento - GPON;3151800;12614;12648;13003
Praia Grande;Mercado Tradicional;3541000;58970;59689;60080
Presidente Bernardes;Mercado em Desenvolvimento - GPON;3541208;134;121;126
Presidente Prudente;Mercado em Desenvolvimento;3541406;8883;9016;8884
Promissão;Mercado em Desenvolvimento - GPON;3541604;102;89;101
Quatro Barras;Mercado Tradicional - GPON;4120804;0;0;0
Rafard;Mercado Tradicional;3542107;961;945;942
Recife;Mercado Tradicional;2611606;85751;86145;86491
Registro;Mercado em Desenvolvimento - GPON;3542602;1;1;1
Resende;Mercado em Desenvolvimento;3304201;12290;11908;12344
Ribeirão Pires;Mercado Tradicional - GPON;3543303;5672;5713;5719
Ribeirão Preto;Mercado Tradicional;3543402;96746;97892;98633
Rio Branco;Mercado Tradicional;1200401;15697;15669;15631
Rio Claro;Mercado Tradicional;3543907;19490;20852;19980
Rio Grande;Mercado Tradicional;4315602;18918;20771;20635
Rio Negrinho;Mercado em Desenvolvimento - GPON;4215000;1242;1268;1282
Rio Pardo;Mercado em Desenvolvimento - GPON;4315701;0;0;0
Rio Verde;Mercado em Desenvolvimento - GPON;5218805;23415;23601;23871
Rio das Ostras;Mercado em Desenvolvimento;3304524;8145;8283;8441
Rondonópolis;Mercado em Desenvolvimento;5107602;2716;2709;2702
Rosário do Sul;Mercado em Desenvolvimento - GPON;4316402;26;42;26
Sabará;Mercado Tradicional;3156700;2801;2741;2737
Salto;Mercado Tradicional;3545209;12989;12956;12945
Salvador;Mercado Tradicional;2927408;118903;118836;119442
Sant'Ana do Livramento;Mercado em Desenvolvimento - GPON;4317103;4010;4352;4586
Santa Bárbara d'Oeste;Mercado Tradicional;3545803;26980;26632;27008
Santa Cruz do Rio Pardo;Mercado em Desenvolvimento - GPON;3546405;928;927;935
Santa Cruz do Sul;Mercado em Desenvolvimento;4316808;10516;12179;11456
Santa Gertrudes;Mercado Tradicional - GPON;3546702;10;10;9
Santa Helena de Goiás;Mercado em Desenvolvimento - GPON;5219308;7;3;4
Santa Isabel;Mercado Tradicional - GPON;3546801;330;0;1
Santa Luzia;Mercado Tradicional - GPON;3157807;4738;4708;4716
Santa Maria;Mercado em Desenvolvimento;4316907;31817;33747;32433
Santa Rosa;Mercado em Desenvolvimento - GPON;4317202;496;524;490
Santa Rosa de Viterbo;Mercado em Desenvolvimento - GPON;3547601;0;0;0
Santana;Mercado Tradicional - GPON;1600600;2613;2701;2681
Santana de Parnaíba;Mercado Tradicional;3547304;11885;11865;11876
Santo André;Mercado Tradicional;3547809;139710;139545;139391
Santo Ângelo;Mercado em Desenvolvimento - GPON;4317509;1574;1512;1529
Santos;Mercado Tradicional;3548500;117770;117225;116909
Sapiranga;Mercado em Desenvolvimento;4319901;1230;1233;1241
Sapucaia do Sul;Mercado Tradicional;4320008;5648;5121;5772
Senador Canedo;Mercado em Desenvolvimento - GPON;5220454;1210;1245;1284
Serra;Mercado Tradicional;3205002;28469;28564;28606
Serra Negra;Mercado em Desenvolvimento - GPON;3551603;2272;2288;2297
Serrana;Mercado em Desenvolvimento - GPON;3551504;1189;1565;1758
Sertãozinho;Mercado Tradicional;3551702;12515;12495;12522
Sete Lagoas;Mercado em Desenvolvimento;3167202;4882;5306;5215
Sinop;Mercado em Desenvolvimento - GPON;5107909;6209;6315;6408
Sobral;Mercado em Desenvolvimento - GPON;2312908;4492;4492;4502
Sorocaba;Mercado Tradicional;3552205;128866;127853;128037
Sorriso;Mercado em Desenvolvimento - GPON;5107925;2068;2125;2175
Sumaré;Mercado Tradicional;3552403;7886;7682;7881
Suzano;Mercado Tradicional;3552502;9377;9433;9428
São Bento do Sul;Mercado em Desenvolvimento - GPON;4215802;1670;1582;1634
São Bernardo do Campo;Mercado Tradicional;3548708;125479;125132;124871
São Borja;Mercado em Desenvolvimento - GPON;4318002;159;153;175
São Caetano do Sul;Mercado Tradicional;3548807;41514;41492;41478
São Carlos;Mercado Tradicional;3548906;31388;30124;33767
São Francisco do Sul;Mercado Tradicional - GPON;4216206;3;3;4
São Gabriel;Mercado em Desenvolvimento - GPON;4318309;593;615;629
São Gonçalo;Mercado Tradicional;3304904;22129;23365;23341
São Joaquim da Barra;Mercado em Desenvolvimento - GPON;3549409;3772;3799;3881
São José;Mercado Tradicional;4216602;47073;47094;47051
São José do Rio Pardo;Mercado em Desenvolvimento - GPON;3549706;1686;1691;1712
São José do Rio Preto;Mercado Tradicional;3549805;61230;60360;59389
São José dos Campos;Mercado Tradicional;3549904;98855;97903;97608
São José dos Pinhais;Mercado Tradicional;4125506;16020;16198;16213
São João da Boa Vista;Mercado em Desenvolvimento - GPON;3549102;3994;4050;4140
São João de Meriti;Mercado Tradicional;3305109;2323;2283;2353
São João del Rei;Mercado em Desenvolvimento - GPON;3162500;1060;1085;1084
São Leopoldo;Mercado Tradicional;4318705;6678;7139;7074
São Lourenço do Sul;Mercado em Desenvolvimento - GPON;4318804;91;110;89
São Luís;Mercado Tradicional;2111300;64101;64743;65801
São Paulo;Mercado Tradicional;3550308;1656356;1654224;1654232
São Pedro da Aldeia;Mercado em Desenvolvimento - GPON;3305208;3661;3610;3632
São Roque;Mercado Tradicional - GPON;3550605;5652;5600;5704
São Sebastião;Mercado Tradicional - GPON;3550704;7437;7449;7476
São Vicente;Mercado Tradicional;3551009;32213;32627;32901
Taboão da Serra;Mercado Tradicional;3552809;14943;14925;14861
Taquara;Mercado em Desenvolvimento - GPON;4321204;766;732;736
Tatuí;Mercado em Desenvolvimento - GPON;3554003;8265;8330;8400
Taubaté;Mercado Tradicional;3554102;46154;44943;45029
Teixeira de Freitas;Mercado em Desenvolvimento - GPON;2931350;1872;1874;1893
Telêmaco Borba;Mercado em Desenvolvimento - GPON;4127106;0;0;0
Teresina;Mercado Tradicional;2211001;27542;27536;27538
Teresópolis;Mercado em Desenvolvimento;3305802;6917;6937;6943
Teutônia;Mercado em Desenvolvimento - GPON;4321451;375;367;366
Teófilo Otoni;Mercado em Desenvolvimento;3168606;2329;2171;2288
Tietê;Mercado Tradicional;3554508;2182;2183;2171
Timbó;Mercado em Desenvolvimento - GPON;4218202;453;489;530
Timon;Mercado em Desenvolvimento - GPON;2112209;167;131;154
Timóteo;Mercado em Desenvolvimento - GPON;3168705;2802;2791;2775
Torres;Mercado em Desenvolvimento - GPON;4321501;950;1022;1002
Tramandaí;Mercado em Desenvolvimento - GPON;4321600;3777;3824;3906
Tremembé;Mercado em Desenvolvimento - GPON;3554805;6391;6378;6392
Trindade;Mercado em Desenvolvimento - GPON;5221403;1078;1106;1129
Três Corações;Mercado em Desenvolvimento - GPON;3169307;5491;5516;5520
Três Coroas;Mercado em Desenvolvimento - GPON;4321709;484;496;506
Três Lagoas;Mercado em Desenvolvimento - GPON;5008305;4764;4947;5341
Três Rios;Mercado em Desenvolvimento - GPON;3306008;1657;1750;1847
Tubarão;Mercado em Desenvolvimento - GPON;4218707;1233;1243;1296
Ubatuba;Mercado Tradicional - GPON;3555406;10660;10774;10906
Uberaba;Mercado em Desenvolvimento;3170107;24004;24249;24168
Uberlândia;Mercado em Desenvolvimento;3170206;26774;26817;27002
Ubá;Mercado em Desenvolvimento - GPON;3169901;0;336;343
Uruguaiana;Mercado em Desenvolvimento;4322400;10881;10982;10833
Vacaria;Mercado em Desenvolvimento - GPON;4322509;2030;2111;2074
Valença;Mercado sem cabo - Primárias;2932903;372;360;382
Valinhos;Mercado Tradicional;3556206;17762;17746;17777
Valparaíso de Goiás;Mercado em Desenvolvimento - GPON;5221858;12443;12546;12690
Vargem Grande Paulista;Mercado Tradicional;3556453;3838;3816;3814
Varginha;Mercado em Desenvolvimento;3170701;2078;2075;2070
Vassouras;Mercado em Desenvolvimento - GPON;3306206;2;0;0
Venâncio Aires;Mercado em Desenvolvimento - GPON;4322608;1073;1099;1087
Veranópolis;Mercado em Desenvolvimento - GPON;4322806;459;457;449
Vespasiano;Mercado Tradicional - GPON;3171204;2432;2423;2428
Viamão;Mercado Tradicional;4323002;926;225;224
Videira;Mercado em Desenvolvimento - GPON;4219309;1159;1161;1154
Vila Velha;Mercado Tradicional;3205200;45400;45729;45558
Vilhena;Mercado em Desenvolvimento - GPON;1100304;934;989;980
Vinhedo;Mercado Tradicional;3556701;3141;3144;3129
Vitória;Mercado Tradicional;3205309;50063;48787;48902
Vitória da Conquista;Mercado em Desenvolvimento;2933307;4091;4098;4108
Viçosa;Mercado em Desenvolvimento - GPON;3171303;2151;2134;2164
Volta Redonda;Mercado em Desenvolvimento;3306305;10015;9953;9996
Votorantim;Mercado Tradicional;3557006;12291;12226;12204
Votuporanga;Mercado em Desenvolvimento - GPON;3557105;840;843;873
Várzea Grande;Mercado Tradicional;5108402;11828;11808;11736
Várzea Paulista;Mercado Tradicional - GPON;3556503;5425;5409;5419
Xanxerê;Mercado em Desenvolvimento - GPON;4219507;476;463;516
Xaxim;Mercado em Desenvolvimento - GPON;4219705;58;49;48
Álvares Machado;Mercado em Desenvolvimento - GPON;3501301;67;77;92
